city	date	avgTemp	minTemp	maxTemp
240	20150101	35	9	55
240	20150102	76	52	106
240	20150103	46	31	66
240	20150104	35	-9	79
240	20150105	29	0	39
240	20150106	32	7	68
240	20150107	42	11	73
240	20150108	68	42	87
240	20150109	98	59	124
240	20150110	92	52	123
240	20150111	66	49	82
240	20150112	90	77	107
240	20150113	83	52	100
240	20150114	44	21	62
240	20150115	77	50	101
240	20150116	51	20	84
240	20150117	27	-11	63
240	20150118	25	12	36
240	20150119	2	-16	19
240	20150120	6	-16	36
240	20150121	-3	-30	16
240	20150122	-8	-28	13
240	20150123	-29	-63	7
240	20150124	24	-8	69
240	20150125	45	-3	68
240	20150126	66	32	86
240	20150127	55	29	76
240	20150128	52	21	76
240	20150129	30	-1	55
240	20150130	13	-25	41
240	20150131	15	-19	50
240	20150201	29	-14	60
240	20150202	25	5	62
240	20150203	13	-20	64
240	20150204	-1	-48	60
240	20150205	-1	-40	23
240	20150206	0	-14	21
240	20150207	24	-50	64
240	20150208	51	16	74
240	20150209	59	40	72
240	20150210	58	36	72
240	20150211	43	31	53
240	20150212	36	28	45
240	20150213	55	7	99
240	20150214	69	52	95
240	20150215	25	-20	76
240	20150216	13	-36	73
240	20150217	39	-14	87
240	20150218	25	-28	86
240	20150219	37	-12	83
240	20150220	52	37	68
240	20150221	31	1	61
240	20150222	30	-18	76
240	20150223	60	32	91
240	20150224	55	17	89
240	20150225	42	-2	75
240	20150226	62	39	85
240	20150227	43	-4	79
240	20150228	52	-4	97
240	20150301	79	51	103
240	20150302	52	13	80
240	20150303	47	24	71
240	20150304	54	36	73
240	20150305	54	-3	96
240	20150306	64	24	96
240	20150307	77	36	136
240	20150308	82	23	139
240	20150309	80	23	119
240	20150310	71	9	109
240	20150311	38	-28	99
240	20150312	63	-15	131
240	20150313	48	10	87
240	20150314	42	17	56
240	20150315	57	45	67
240	20150316	68	28	114
240	20150317	83	12	154
240	20150318	55	19	75
240	20150319	77	45	127
240	20150320	49	17	86
240	20150321	65	42	101
240	20150322	45	12	83
240	20150323	34	-18	94
240	20150324	54	-5	106
240	20150325	59	35	73
240	20150326	47	-3	79
240	20150327	59	6	87
240	20150328	71	6	107
240	20150329	89	67	114
240	20150330	70	57	91
240	20150331	85	55	107
240	20150401	67	39	94
240	20150402	62	41	91
240	20150403	71	43	99
240	20150404	52	10	97
240	20150405	50	-16	111
240	20150406	75	28	125
240	20150407	65	16	117
240	20150408	83	52	142
240	20150409	105	45	163
240	20150410	113	36	192
240	20150411	89	32	135
240	20150412	97	25	157
240	20150413	79	43	119
240	20150414	107	40	179
240	20150415	127	64	207
240	20150416	96	69	126
240	20150417	85	48	123
240	20150418	88	37	145
240	20150419	82	14	139
240	20150420	111	59	163
240	20150421	99	28	163
240	20150422	84	28	113
240	20150423	96	59	150
240	20150424	118	36	188
240	20150425	120	82	150
240	20150426	98	75	116
240	20150427	74	8	128
240	20150428	67	7	115
240	20150429	84	35	142
240	20150430	90	38	135
240	20150501	85	45	131
240	20150502	96	30	151
240	20150503	124	75	167
240	20150504	149	117	185
240	20150505	153	106	223
240	20150506	121	87	156
240	20150507	119	85	153
240	20150508	139	82	190
240	20150509	128	73	162
240	20150510	126	48	186
240	20150511	168	118	250
240	20150512	141	116	169
240	20150513	118	69	167
240	20150514	113	79	153
240	20150515	93	55	144
240	20150516	110	64	149
240	20150517	117	74	158
240	20150518	107	77	137
240	20150519	106	69	145
240	20150520	100	60	145
240	20150521	122	54	160
240	20150522	144	120	194
240	20150523	121	57	160
240	20150524	122	37	179
240	20150525	120	91	149
240	20150526	118	78	156
240	20150527	133	72	182
240	20150528	129	78	159
240	20150529	113	82	147
240	20150530	115	85	146
240	20150531	123	86	157
240	20150601	126	60	164
240	20150602	144	112	169
240	20150603	140	79	177
240	20150604	155	75	211
240	20150605	205	120	310
240	20150606	149	106	177
240	20150607	133	80	176
240	20150608	126	88	170
240	20150609	117	96	142
240	20150610	151	98	208
240	20150611	176	112	232
240	20150612	207	134	266
240	20150613	165	134	197
240	20150614	144	123	173
240	20150615	130	75	175
240	20150616	124	67	168
240	20150617	160	80	225
240	20150618	136	119	160
240	20150619	133	107	168
240	20150620	131	99	167
240	20150621	146	119	188
240	20150622	130	91	175
240	20150623	127	93	149
240	20150624	160	119	213
240	20150625	180	119	228
240	20150626	202	142	247
240	20150627	170	123	208
240	20150628	177	113	233
240	20150629	182	125	228
240	20150630	206	117	264
240	20150701	261	166	330
240	20150702	244	192	302
240	20150703	238	175	289
240	20150704	239	176	309
240	20150705	197	158	277
240	20150706	183	135	219
240	20150707	197	131	253
240	20150708	159	120	195
240	20150709	136	95	179
240	20150710	172	89	233
240	20150711	201	152	274
240	20150712	180	166	199
240	20150713	179	168	200
240	20150714	178	144	213
240	20150715	174	156	202
240	20150716	191	129	235
240	20150717	212	177	253
240	20150718	178	134	214
240	20150719	161	112	207
240	20150720	179	98	212
240	20150721	199	152	243
240	20150722	190	148	229
240	20150723	174	141	215
240	20150724	189	134	230
240	20150725	150	111	182
240	20150726	148	89	211
240	20150727	169	144	200
240	20150728	158	127	189
240	20150729	145	105	175
240	20150730	139	94	181
240	20150731	139	75	195
240	20150801	158	85	211
240	20150802	182	106	240
240	20150803	208	148	283
240	20150804	179	142	210
240	20150805	191	121	249
240	20150806	199	145	267
240	20150807	194	140	247
240	20150808	184	135	223
240	20150809	191	121	248
240	20150810	195	166	236
240	20150811	199	162	243
240	20150812	192	172	217
240	20150813	216	158	269
240	20150814	212	178	253
240	20150815	179	155	216
240	20150816	157	128	184
240	20150817	145	129	156
240	20150818	151	137	174
240	20150819	171	137	224
240	20150820	188	131	255
240	20150821	204	151	251
240	20150822	214	169	265
240	20150823	201	163	262
240	20150824	177	140	226
240	20150825	168	141	201
240	20150826	196	163	250
240	20150827	158	138	183
240	20150828	159	118	206
240	20150829	174	110	230
240	20150830	197	159	238
240	20150831	203	165	250
240	20150901	157	118	190
240	20150902	140	102	187
240	20150903	129	88	168
240	20150904	139	119	159
240	20150905	137	110	170
240	20150906	132	108	168
240	20150907	143	122	182
240	20150908	143	98	172
240	20150909	141	90	186
240	20150910	148	100	196
240	20150911	146	96	194
240	20150912	158	123	198
240	20150913	163	117	191
240	20150914	141	114	188
240	20150915	121	95	154
240	20150916	150	105	189
240	20150917	140	105	158
240	20150918	136	99	177
240	20150919	137	98	177
240	20150920	140	85	185
240	20150921	146	116	187
240	20150922	128	92	178
240	20150923	133	90	172
240	20150924	130	116	151
240	20150925	125	79	172
240	20150926	118	57	173
240	20150927	123	64	173
240	20150928	123	71	172
240	20150929	126	77	174
240	20150930	131	85	175
240	20151001	120	70	166
240	20151002	118	50	169
240	20151003	118	69	178
240	20151004	112	73	174
240	20151005	131	76	170
240	20151006	155	132	188
240	20151007	148	137	163
240	20151008	133	108	158
240	20151009	121	75	165
240	20151010	116	67	145
240	20151011	73	42	116
240	20151012	54	14	101
240	20151013	64	44	81
240	20151014	65	43	90
240	20151015	72	43	89
240	20151016	84	70	100
240	20151017	90	74	102
240	20151018	91	25	118
240	20151019	110	61	137
240	20151020	97	61	132
240	20151021	102	52	121
240	20151022	121	77	152
240	20151023	115	77	140
240	20151024	117	99	135
240	20151025	97	46	138
240	20151026	110	63	161
240	20151027	115	71	171
240	20151028	108	61	133
240	20151029	108	76	155
240	20151030	104	74	151
240	20151031	97	60	147
240	20151101	74	36	127
240	20151102	86	46	154
240	20151103	97	29	156
240	20151104	121	88	146
240	20151105	131	107	151
240	20151106	152	139	171
240	20151107	159	138	182
240	20151108	128	65	174
240	20151109	136	124	160
240	20151110	146	136	157
240	20151111	130	121	139
240	20151112	133	114	157
240	20151113	113	68	137
240	20151114	101	84	141
240	20151115	143	131	149
240	20151116	126	109	137
240	20151117	133	104	155
240	20151118	128	103	143
240	20151119	113	88	133
240	20151120	80	36	101
240	20151121	50	26	73
240	20151122	27	3	59
240	20151123	35	-15	75
240	20151124	49	36	70
240	20151125	64	30	83
240	20151126	50	18	97
240	20151127	57	31	73
240	20151128	70	53	85
240	20151129	105	77	125
240	20151130	93	66	123
240	20151201	98	60	128
240	20151202	106	94	120
240	20151203	95	83	110
240	20151204	95	79	110
240	20151205	81	74	93
240	20151206	107	80	125
240	20151207	107	93	122
240	20151208	96	79	113
240	20151209	77	53	101
240	20151210	65	55	76
240	20151211	77	61	98
240	20151212	82	39	121
240	20151213	70	45	117
240	20151214	72	48	98
240	20151215	72	44	94
240	20151216	116	91	134
240	20151217	128	110	144
240	20151218	114	96	131
240	20151219	121	95	136
240	20151220	114	95	125
240	20151221	99	80	122
240	20151222	123	78	137
240	20151223	100	71	127
240	20151224	94	66	127
240	20151225	92	45	138
240	20151226	129	110	148
240	20151227	118	105	134
240	20151228	91	66	116
240	20151229	76	54	98
240	20151230	74	59	94
240	20151231	76	51	99
240	19950101	32	0	49
240	19950102	35	4	61
240	19950103	6	-16	25
240	19950104	-16	-34	9
240	19950105	-34	-51	-22
240	19950106	-26	-39	-7
240	19950107	-9	-27	7
240	19950108	11	-22	57
240	19950109	60	29	86
240	19950110	54	28	86
240	19950111	35	16	57
240	19950112	36	3	61
240	19950113	40	6	59
240	19950114	66	48	83
240	19950115	79	68	87
240	19950116	45	16	69
240	19950117	55	19	81
240	19950118	62	16	85
240	19950119	48	18	82
240	19950120	79	51	94
240	19950121	58	35	91
240	19950122	65	35	115
240	19950123	67	49	79
240	19950124	63	48	75
240	19950125	53	38	113
240	19950126	77	28	120
240	19950127	30	3	46
240	19950128	86	40	99
240	19950129	77	54	92
240	19950130	31	-3	60
240	19950131	39	-5	77
240	19950201	98	69	131
240	19950202	55	28	79
240	19950203	61	31	86
240	19950204	80	41	96
240	19950205	67	30	91
240	19950206	93	83	102
240	19950207	87	82	97
240	19950208	41	17	87
240	19950209	18	-8	49
240	19950210	26	4	56
240	19950211	86	55	117
240	19950212	87	65	109
240	19950213	81	53	105
240	19950214	82	63	92
240	19950215	96	79	114
240	19950216	87	77	99
240	19950217	72	53	103
240	19950218	62	48	83
240	19950219	82	62	108
240	19950220	84	65	106
240	19950221	78	45	107
240	19950222	64	41	90
240	19950223	58	34	80
240	19950224	44	11	76
240	19950225	42	19	62
240	19950226	34	6	69
240	19950227	52	7	90
240	19950228	98	88	114
240	19950301	83	48	104
240	19950302	43	22	63
240	19950303	34	5	61
240	19950304	24	7	62
240	19950305	31	6	48
240	19950306	46	18	69
240	19950307	51	19	79
240	19950308	46	25	70
240	19950309	54	9	96
240	19950310	64	18	110
240	19950311	79	34	129
240	19950312	76	25	139
240	19950313	72	30	130
240	19950314	41	8	77
240	19950315	47	6	71
240	19950316	58	14	79
240	19950317	80	64	113
240	19950318	79	67	99
240	19950319	62	35	87
240	19950320	52	28	73
240	19950321	46	1	77
240	19950322	43	0	85
240	19950323	70	7	135
240	19950324	89	42	115
240	19950325	76	56	97
240	19950326	86	55	111
240	19950327	39	-8	86
240	19950328	19	-2	44
240	19950329	35	8	73
240	19950330	49	-7	86
240	19950331	85	56	107
240	19950401	114	89	144
240	19950402	108	81	144
240	19950403	92	77	115
240	19950404	79	30	109
240	19950405	86	14	135
240	19950406	97	75	128
240	19950407	95	57	128
240	19950408	62	32	92
240	19950409	62	28	87
240	19950410	80	65	103
240	19950411	102	64	154
240	19950412	94	66	131
240	19950413	87	59	125
240	19950414	85	50	125
240	19950415	76	53	111
240	19950416	73	44	100
240	19950417	85	72	94
240	19950418	70	30	95
240	19950419	54	17	92
240	19950420	45	9	86
240	19950421	72	1	109
240	19950422	108	71	157
240	19950423	108	44	164
240	19950424	161	77	247
240	19950425	160	121	202
240	19950426	131	83	191
240	19950427	80	59	112
240	19950428	70	34	97
240	19950429	88	23	129
240	19950430	100	50	152
240	19950501	120	33	190
240	19950502	153	73	212
240	19950503	162	93	230
240	19950504	173	88	245
240	19950505	176	95	255
240	19950506	163	77	231
240	19950507	170	92	239
240	19950508	120	102	140
240	19950509	95	80	111
240	19950510	99	58	131
240	19950511	83	51	115
240	19950512	86	59	121
240	19950513	84	36	121
240	19950514	80	37	119
240	19950515	99	48	141
240	19950516	105	44	151
240	19950517	100	79	148
240	19950518	79	29	109
240	19950519	88	31	134
240	19950520	102	40	152
240	19950521	90	50	135
240	19950522	110	36	165
240	19950523	157	85	218
240	19950524	173	100	254
240	19950525	157	129	212
240	19950526	164	126	211
240	19950527	161	112	204
240	19950528	175	123	219
240	19950529	152	97	183
240	19950530	137	87	184
240	19950531	136	91	187
240	19950601	117	67	138
240	19950602	133	73	176
240	19950603	145	105	191
240	19950604	139	101	180
240	19950605	128	91	169
240	19950606	124	103	146
240	19950607	120	87	139
240	19950608	109	84	136
240	19950609	104	94	115
240	19950610	117	100	153
240	19950611	118	99	155
240	19950612	111	70	144
240	19950613	123	53	175
240	19950614	114	105	126
240	19950615	108	94	122
240	19950616	111	95	129
240	19950617	133	117	145
240	19950618	148	114	177
240	19950619	157	111	199
240	19950620	184	120	245
240	19950621	142	86	186
240	19950622	126	76	161
240	19950623	142	105	187
240	19950624	159	115	213
240	19950625	172	125	234
240	19950626	185	120	260
240	19950627	217	131	275
240	19950628	220	142	276
240	19950629	184	110	250
240	19950630	190	105	277
240	19950701	168	134	201
240	19950702	179	122	237
240	19950703	132	99	155
240	19950704	142	93	173
240	19950705	161	102	208
240	19950706	173	124	219
240	19950707	176	118	222
240	19950708	200	109	256
240	19950709	206	166	252
240	19950710	241	176	289
240	19950711	234	172	289
240	19950712	201	152	255
240	19950713	220	138	286
240	19950714	201	162	230
240	19950715	187	150	229
240	19950716	179	140	214
240	19950717	180	152	212
240	19950718	177	166	191
240	19950719	195	157	225
240	19950720	213	144	270
240	19950721	221	151	294
240	19950722	165	100	202
240	19950723	166	81	226
240	19950724	182	105	247
240	19950725	192	105	242
240	19950726	228	148	308
240	19950727	197	165	263
240	19950728	198	158	236
240	19950729	210	139	272
240	19950730	236	173	303
240	19950731	258	171	323
240	19950801	254	188	315
240	19950802	240	183	297
240	19950803	224	155	289
240	19950804	186	124	239
240	19950805	193	119	252
240	19950806	210	162	271
240	19950807	180	156	214
240	19950808	174	135	219
240	19950809	187	123	249
240	19950810	210	121	279
240	19950811	230	148	312
240	19950812	220	149	286
240	19950813	192	128	240
240	19950814	170	108	228
240	19950815	176	97	235
240	19950816	191	108	258
240	19950817	219	179	267
240	19950818	231	157	293
240	19950819	236	175	309
240	19950820	213	156	280
240	19950821	204	137	264
240	19950822	221	162	298
240	19950823	217	175	279
240	19950824	196	159	231
240	19950825	195	176	218
240	19950826	169	143	204
240	19950827	149	114	180
240	19950828	146	115	186
240	19950829	140	115	173
240	19950830	148	112	188
240	19950831	150	112	196
240	19950901	158	102	206
240	19950902	161	137	194
240	19950903	135	108	180
240	19950904	148	104	181
240	19950905	148	118	183
240	19950906	146	116	191
240	19950907	160	133	190
240	19950908	158	144	171
240	19950909	163	143	187
240	19950910	171	139	212
240	19950911	161	134	200
240	19950912	151	117	200
240	19950913	151	103	200
240	19950914	143	98	189
240	19950915	144	111	181
240	19950916	144	96	193
240	19950917	150	120	197
240	19950918	165	111	203
240	19950919	162	139	195
240	19950920	138	110	170
240	19950921	135	86	169
240	19950922	147	111	181
240	19950923	144	99	178
240	19950924	133	113	175
240	19950925	135	103	171
240	19950926	138	111	164
240	19950927	124	91	157
240	19950928	93	57	127
240	19950929	115	82	143
240	19950930	99	69	144
240	19951001	123	86	180
240	19951002	126	66	167
240	19951003	147	100	186
240	19951004	165	136	207
240	19951005	140	104	174
240	19951006	137	93	182
240	19951007	158	139	174
240	19951008	170	122	226
240	19951009	163	111	224
240	19951010	147	86	214
240	19951011	150	118	166
240	19951012	153	136	193
240	19951013	140	109	156
240	19951014	142	99	188
240	19951015	150	122	187
240	19951016	139	113	164
240	19951017	145	113	168
240	19951018	133	93	167
240	19951019	137	110	151
240	19951020	118	53	151
240	19951021	76	29	126
240	19951022	71	33	118
240	19951023	100	37	149
240	19951024	147	105	190
240	19951025	136	94	160
240	19951026	128	88	154
240	19951027	137	89	175
240	19951028	88	33	138
240	19951029	60	6	125
240	19951030	63	14	132
240	19951031	92	13	139
240	19951101	96	48	122
240	19951102	87	40	116
240	19951103	79	25	113
240	19951104	26	-16	66
240	19951105	15	-22	58
240	19951106	36	-11	103
240	19951107	82	32	121
240	19951108	108	78	138
240	19951109	112	102	125
240	19951110	87	75	102
240	19951111	112	92	148
240	19951112	103	70	152
240	19951113	68	41	97
240	19951114	98	71	133
240	19951115	96	72	112
240	19951116	92	59	124
240	19951117	30	0	60
240	19951118	42	-6	85
240	19951119	75	39	93
240	19951120	47	8	90
240	19951121	23	4	50
240	19951122	61	19	98
240	19951123	91	55	114
240	19951124	90	72	110
240	19951125	91	71	120
240	19951126	92	58	122
240	19951127	74	53	94
240	19951128	59	9	94
240	19951129	48	31	61
240	19951130	34	13	49
240	19951201	27	8	37
240	19951202	23	1	39
240	19951203	13	-3	32
240	19951204	2	-8	14
240	19951205	-23	-35	5
240	19951206	-42	-53	-28
240	19951207	-33	-56	-6
240	19951208	-30	-60	7
240	19951209	-15	-40	8
240	19951210	-20	-36	-12
240	19951211	1	-44	35
240	19951212	22	-2	43
240	19951213	4	-10	18
240	19951214	3	-8	16
240	19951215	-10	-32	3
240	19951216	-18	-34	0
240	19951217	-15	-30	-1
240	19951218	2	-5	16
240	19951219	15	7	22
240	19951220	13	-16	33
240	19951221	-8	-24	2
240	19951222	65	-3	116
240	19951223	56	22	104
240	19951224	-2	-35	24
240	19951225	2	-45	40
240	19951226	2	-33	34
240	19951227	-41	-67	-9
240	19951228	-56	-82	-15
240	19951229	-54	-98	-6
240	19951230	-56	-80	-38
240	19951231	-25	-38	-20
260	20150101	30	10	47
260	20150102	73	44	101
260	20150103	38	26	59
260	20150104	39	-3	80
260	20150105	24	9	38
260	20150106	28	6	58
260	20150107	45	24	72
260	20150108	65	36	82
260	20150109	99	58	137
260	20150110	95	54	133
260	20150111	64	49	82
260	20150112	84	64	102
260	20150113	86	41	110
260	20150114	44	31	60
260	20150115	79	58	103
260	20150116	55	27	83
260	20150117	30	-9	59
260	20150118	22	10	33
260	20150119	10	5	16
260	20150120	8	-22	37
260	20150121	-5	-19	15
260	20150122	-12	-29	4
260	20150123	-28	-57	-13
260	20150124	22	-17	68
260	20150125	37	-21	56
260	20150126	59	41	83
260	20150127	51	30	77
260	20150128	53	30	72
260	20150129	24	2	45
260	20150130	17	-3	44
260	20150131	10	-25	44
260	20150201	26	-15	57
260	20150202	20	6	55
260	20150203	17	-16	63
260	20150204	2	-40	53
260	20150205	-7	-38	20
260	20150206	-2	-20	31
260	20150207	15	-51	55
260	20150208	50	34	67
260	20150209	57	44	72
260	20150210	57	46	72
260	20150211	42	31	54
260	20150212	26	-3	45
260	20150213	46	-3	99
260	20150214	66	47	102
260	20150215	26	-35	67
260	20150216	9	-49	77
260	20150217	33	-30	90
260	20150218	18	-34	81
260	20150219	35	-3	74
260	20150220	53	34	65
260	20150221	32	4	63
260	20150222	32	-18	68
260	20150223	59	27	98
260	20150224	54	35	89
260	20150225	48	16	87
260	20150226	63	37	83
260	20150227	49	-3	82
260	20150228	51	-5	91
260	20150301	83	60	107
260	20150302	53	16	84
260	20150303	44	30	75
260	20150304	51	28	76
260	20150305	57	11	103
260	20150306	66	46	90
260	20150307	84	40	139
260	20150308	93	40	157
260	20150309	88	67	113
260	20150310	76	-7	113
260	20150311	27	-20	95
260	20150312	54	-29	127
260	20150313	46	7	92
260	20150314	34	7	53
260	20150315	56	45	68
260	20150316	63	6	128
260	20150317	76	-17	178
260	20150318	56	6	88
260	20150319	68	7	126
260	20150320	49	6	93
260	20150321	64	39	93
260	20150322	43	-15	86
260	20150323	31	-29	93
260	20150324	57	-21	115
260	20150325	59	50	69
260	20150326	50	3	73
260	20150327	57	-4	89
260	20150328	69	-6	117
260	20150329	93	75	113
260	20150330	72	53	91
260	20150331	90	58	111
260	20150401	65	34	91
260	20150402	63	41	86
260	20150403	70	45	95
260	20150404	54	18	94
260	20150405	53	-22	113
260	20150406	69	16	117
260	20150407	71	6	132
260	20150408	86	39	142
260	20150409	104	19	181
260	20150410	113	27	196
260	20150411	90	26	136
260	20150412	100	21	155
260	20150413	84	41	128
260	20150414	119	32	200
260	20150415	138	54	230
260	20150416	99	64	134
260	20150417	85	52	129
260	20150418	90	41	144
260	20150419	78	-6	152
260	20150420	109	43	171
260	20150421	100	22	174
260	20150422	85	34	121
260	20150423	94	37	155
260	20150424	124	15	204
260	20150425	121	86	150
260	20150426	106	79	139
260	20150427	80	-3	126
260	20150428	60	-22	118
260	20150429	89	14	147
260	20150430	98	58	142
260	20150501	87	31	133
260	20150502	97	4	158
260	20150503	130	69	170
260	20150504	154	117	194
260	20150505	154	86	222
260	20150506	122	85	155
260	20150507	118	75	162
260	20150508	142	78	194
260	20150509	133	91	161
260	20150510	128	42	191
260	20150511	176	91	256
260	20150512	146	112	175
260	20150513	127	76	181
260	20150514	112	59	167
260	20150515	94	39	144
260	20150516	105	41	149
260	20150517	119	68	162
260	20150518	111	77	140
260	20150519	100	74	137
260	20150520	105	67	147
260	20150521	119	25	174
260	20150522	149	86	199
260	20150523	124	60	157
260	20150524	126	25	199
260	20150525	124	97	153
260	20150526	118	75	158
260	20150527	135	54	189
260	20150528	129	57	165
260	20150529	111	56	158
260	20150530	112	66	154
260	20150531	126	79	165
260	20150601	127	61	161
260	20150602	148	111	177
260	20150603	138	63	177
260	20150604	156	46	220
260	20150605	214	95	318
260	20150606	156	85	189
260	20150607	139	71	189
260	20150608	125	79	172
260	20150609	116	75	150
260	20150610	154	89	208
260	20150611	179	93	240
260	20150612	216	128	274
260	20150613	175	141	213
260	20150614	153	123	195
260	20150615	133	76	175
260	20150616	114	45	177
260	20150617	160	53	227
260	20150618	143	115	166
260	20150619	127	103	153
260	20150620	130	97	163
260	20150621	144	121	185
260	20150622	127	76	153
260	20150623	126	94	151
260	20150624	158	117	215
260	20150625	182	114	240
260	20150626	205	134	250
260	20150627	176	103	218
260	20150628	173	88	232
260	20150629	180	112	242
260	20150630	206	97	273
260	20150701	260	158	331
260	20150702	254	190	331
260	20150703	241	169	291
260	20150704	256	179	327
260	20150705	202	157	282
260	20150706	187	139	238
260	20150707	198	125	258
260	20150708	159	127	196
260	20150709	135	72	176
260	20150710	165	68	226
260	20150711	204	139	287
260	20150712	177	156	204
260	20150713	174	163	196
260	20150714	179	140	213
260	20150715	179	144	211
260	20150716	196	120	251
260	20150717	217	175	256
260	20150718	182	145	221
260	20150719	162	119	205
260	20150720	178	96	214
260	20150721	210	175	254
260	20150722	195	163	231
260	20150723	178	136	217
260	20150724	184	134	233
260	20150725	149	112	183
260	20150726	148	86	209
260	20150727	166	142	197
260	20150728	152	125	189
260	20150729	141	109	176
260	20150730	138	76	181
260	20150731	133	51	194
260	20150801	151	61	220
260	20150802	177	77	242
260	20150803	215	124	300
260	20150804	180	138	215
260	20150805	189	103	250
260	20150806	205	133	284
260	20150807	206	126	270
260	20150808	187	130	230
260	20150809	186	103	243
260	20150810	198	147	252
260	20150811	200	137	254
260	20150812	195	163	230
260	20150813	217	146	284
260	20150814	209	169	254
260	20150815	184	158	221
260	20150816	150	129	166
260	20150817	143	129	152
260	20150818	146	134	168
260	20150819	165	116	225
260	20150820	179	104	249
260	20150821	197	137	253
260	20150822	207	141	265
260	20150823	197	149	259
260	20150824	179	133	231
260	20150825	167	140	199
260	20150826	202	165	252
260	20150827	157	135	185
260	20150828	154	98	209
260	20150829	170	81	236
260	20150830	200	145	253
260	20150831	209	175	265
260	20150901	161	120	195
260	20150902	132	79	188
260	20150903	122	66	171
260	20150904	135	116	166
260	20150905	132	93	169
260	20150906	131	91	170
260	20150907	142	123	169
260	20150908	139	82	169
260	20150909	131	71	185
260	20150910	143	91	196
260	20150911	143	93	201
260	20150912	157	113	202
260	20150913	166	125	194
260	20150914	145	113	198
260	20150915	125	98	159
260	20150916	154	110	192
260	20150917	144	125	164
260	20150918	139	99	184
260	20150919	134	85	175
260	20150920	135	71	181
260	20150921	146	110	186
260	20150922	131	91	174
260	20150923	132	104	173
260	20150924	126	108	157
260	20150925	116	52	168
260	20150926	104	34	168
260	20150927	110	46	175
260	20150928	105	44	160
260	20150929	117	58	174
260	20150930	123	81	175
260	20151001	106	49	169
260	20151002	103	33	183
260	20151003	103	44	188
260	20151004	103	46	179
260	20151005	131	57	169
260	20151006	153	131	176
260	20151007	149	137	176
260	20151008	124	58	159
260	20151009	102	40	163
260	20151010	109	59	143
260	20151011	65	23	115
260	20151012	48	9	102
260	20151013	38	12	59
260	20151014	51	20	80
260	20151015	63	28	80
260	20151016	77	67	84
260	20151017	81	73	90
260	20151018	84	37	109
260	20151019	105	52	125
260	20151020	95	51	126
260	20151021	97	47	125
260	20151022	119	72	148
260	20151023	114	68	141
260	20151024	118	101	138
260	20151025	99	30	143
260	20151026	105	30	158
260	20151027	111	59	173
260	20151028	106	72	133
260	20151029	107	49	156
260	20151030	102	65	150
260	20151031	98	65	143
260	20151101	77	30	160
260	20151102	69	9	159
260	20151103	90	13	157
260	20151104	122	77	154
260	20151105	133	112	154
260	20151106	155	139	171
260	20151107	164	141	185
260	20151108	131	76	173
260	20151109	136	120	160
260	20151110	145	133	156
260	20151111	127	116	138
260	20151112	133	117	153
260	20151113	114	77	136
260	20151114	97	77	119
260	20151115	143	119	150
260	20151116	125	113	137
260	20151117	135	109	156
260	20151118	131	110	145
260	20151119	112	82	138
260	20151120	79	48	97
260	20151121	43	8	63
260	20151122	26	0	57
260	20151123	32	-26	80
260	20151124	42	31	66
260	20151125	54	22	79
260	20151126	40	0	96
260	20151127	45	8	65
260	20151128	67	45	87
260	20151129	102	74	125
260	20151130	95	65	126
260	20151201	97	68	124
260	20151202	110	94	119
260	20151203	98	84	127
260	20151204	94	82	112
260	20151205	79	72	91
260	20151206	105	74	124
260	20151207	105	88	124
260	20151208	98	73	120
260	20151209	76	54	99
260	20151210	59	49	77
260	20151211	70	54	88
260	20151212	76	33	117
260	20151213	68	39	117
260	20151214	76	64	100
260	20151215	74	48	91
260	20151216	114	89	129
260	20151217	136	124	153
260	20151218	118	106	130
260	20151219	122	106	141
260	20151220	116	97	137
260	20151221	104	84	118
260	20151222	130	103	144
260	20151223	106	73	133
260	20151224	98	64	134
260	20151225	96	65	140
260	20151226	131	111	144
260	20151227	118	102	131
260	20151228	89	65	121
260	20151229	75	54	103
260	20151230	69	49	91
260	20151231	78	55	105
260	19950101	20	2	38
260	19950102	30	-12	59
260	19950103	-5	-38	23
260	19950104	-28	-48	3
260	19950105	-39	-59	-18
260	19950106	-31	-45	-11
260	19950107	-21	-79	-8
260	19950108	0	-26	35
260	19950109	45	-9	86
260	19950110	50	21	78
260	19950111	24	10	56
260	19950112	30	-5	51
260	19950113	30	-13	61
260	19950114	61	43	75
260	19950115	76	67	82
260	19950116	48	16	77
260	19950117	45	10	73
260	19950118	66	34	94
260	19950119	53	23	84
260	19950120	83	54	102
260	19950121	61	43	86
260	19950122	72	39	121
260	19950123	65	44	81
260	19950124	63	51	79
260	19950125	52	37	115
260	19950126	77	19	122
260	19950127	27	3	47
260	19950128	88	35	100
260	19950129	79	58	93
260	19950130	31	-13	64
260	19950131	35	-15	80
260	19950201	101	72	129
260	19950202	49	9	81
260	19950203	57	25	89
260	19950204	80	43	102
260	19950205	66	39	84
260	19950206	94	83	105
260	19950207	88	78	96
260	19950208	43	14	88
260	19950209	14	-16	50
260	19950210	21	-20	55
260	19950211	88	55	121
260	19950212	89	63	117
260	19950213	86	60	109
260	19950214	84	62	109
260	19950215	96	78	119
260	19950216	84	72	100
260	19950217	73	44	100
260	19950218	57	40	83
260	19950219	84	63	116
260	19950220	89	65	114
260	19950221	74	34	109
260	19950222	58	31	91
260	19950223	50	32	78
260	19950224	36	-5	66
260	19950225	39	7	66
260	19950226	29	-10	65
260	19950227	43	-9	75
260	19950228	99	67	119
260	19950301	88	52	104
260	19950302	38	10	57
260	19950303	35	2	65
260	19950304	18	2	51
260	19950305	24	6	34
260	19950306	42	14	68
260	19950307	45	7	80
260	19950308	48	22	76
260	19950309	53	13	100
260	19950310	67	19	112
260	19950311	81	38	134
260	19950312	75	8	150
260	19950313	75	25	144
260	19950314	35	-4	74
260	19950315	48	5	83
260	19950316	51	5	93
260	19950317	80	42	125
260	19950318	79	49	109
260	19950319	61	30	94
260	19950320	49	21	75
260	19950321	42	-10	86
260	19950322	33	-23	93
260	19950323	72	-13	138
260	19950324	90	59	117
260	19950325	78	55	99
260	19950326	89	53	116
260	19950327	40	-8	86
260	19950328	11	-16	45
260	19950329	33	-6	77
260	19950330	47	-16	89
260	19950331	78	48	104
260	19950401	113	86	149
260	19950402	117	75	174
260	19950403	92	79	102
260	19950404	83	11	122
260	19950405	78	-12	139
260	19950406	102	78	132
260	19950407	96	52	144
260	19950408	61	35	101
260	19950409	60	29	84
260	19950410	82	58	110
260	19950411	99	62	158
260	19950412	96	61	131
260	19950413	89	68	125
260	19950414	89	40	124
260	19950415	70	26	111
260	19950416	72	47	108
260	19950417	84	68	96
260	19950418	69	5	101
260	19950419	44	0	101
260	19950420	39	-10	98
260	19950421	72	-19	124
260	19950422	113	70	158
260	19950423	106	24	170
260	19950424	170	79	258
260	19950425	168	124	219
260	19950426	142	98	208
260	19950427	86	66	109
260	19950428	76	44	110
260	19950429	95	21	156
260	19950430	97	57	141
260	19950501	125	36	195
260	19950502	154	80	215
260	19950503	161	76	231
260	19950504	173	71	249
260	19950505	174	83	261
260	19950506	164	70	239
260	19950507	174	82	247
260	19950508	125	97	148
260	19950509	95	81	116
260	19950510	99	63	135
260	19950511	79	24	109
260	19950512	84	52	126
260	19950513	90	43	128
260	19950514	79	17	126
260	19950515	91	16	145
260	19950516	107	25	154
260	19950517	100	77	157
260	19950518	76	17	103
260	19950519	74	1	144
260	19950520	97	16	163
260	19950521	92	46	134
260	19950522	112	33	177
260	19950523	157	88	226
260	19950524	170	94	252
260	19950525	161	131	212
260	19950526	165	127	209
260	19950527	164	117	207
260	19950528	175	130	232
260	19950529	159	95	200
260	19950530	149	90	198
260	19950531	150	106	195
260	19950601	130	78	165
260	19950602	126	69	172
260	19950603	145	72	196
260	19950604	139	111	181
260	19950605	140	108	181
260	19950606	128	104	150
260	19950607	116	72	145
260	19950608	109	64	143
260	19950609	103	92	117
260	19950610	115	98	153
260	19950611	119	95	169
260	19950612	116	92	146
260	19950613	130	79	186
260	19950614	116	103	135
260	19950615	106	82	129
260	19950616	109	93	131
260	19950617	130	113	154
260	19950618	150	97	190
260	19950619	167	97	221
260	19950620	195	128	263
260	19950621	158	108	209
260	19950622	131	94	164
260	19950623	145	110	184
260	19950624	159	110	204
260	19950625	187	134	245
260	19950626	195	131	266
260	19950627	225	143	288
260	19950628	232	167	291
260	19950629	198	125	257
260	19950630	205	110	288
260	19950701	173	128	224
260	19950702	189	107	259
260	19950703	138	106	166
260	19950704	149	95	187
260	19950705	164	113	215
260	19950706	180	110	233
260	19950707	182	101	247
260	19950708	213	131	276
260	19950709	228	169	278
260	19950710	256	182	324
260	19950711	246	186	318
260	19950712	214	160	272
260	19950713	228	149	292
260	19950714	212	162	249
260	19950715	194	158	239
260	19950716	183	141	227
260	19950717	180	142	218
260	19950718	178	161	191
260	19950719	203	160	231
260	19950720	223	154	286
260	19950721	235	159	320
260	19950722	170	110	204
260	19950723	163	83	226
260	19950724	189	101	251
260	19950725	198	124	258
260	19950726	233	146	315
260	19950727	196	168	242
260	19950728	202	166	240
260	19950729	219	148	277
260	19950730	242	184	306
260	19950731	256	178	323
260	19950801	256	194	320
260	19950802	239	178	299
260	19950803	224	154	290
260	19950804	190	150	239
260	19950805	199	117	271
260	19950806	207	165	266
260	19950807	177	152	206
260	19950808	183	142	230
260	19950809	190	121	255
260	19950810	214	116	291
260	19950811	235	146	312
260	19950812	229	150	312
260	19950813	195	137	247
260	19950814	170	114	223
260	19950815	174	92	243
260	19950816	193	118	257
260	19950817	216	165	275
260	19950818	231	150	296
260	19950819	239	158	316
260	19950820	218	168	281
260	19950821	207	148	264
260	19950822	225	166	307
260	19950823	222	164	292
260	19950824	197	154	237
260	19950825	190	161	232
260	19950826	172	140	210
260	19950827	145	97	183
260	19950828	140	100	189
260	19950829	137	103	179
260	19950830	145	101	190
260	19950831	146	110	187
260	19950901	158	98	205
260	19950902	158	133	198
260	19950903	143	108	192
260	19950904	140	104	189
260	19950905	147	114	197
260	19950906	145	106	205
260	19950907	162	130	201
260	19950908	159	146	173
260	19950909	166	141	198
260	19950910	172	130	222
260	19950911	161	125	214
260	19950912	148	92	206
260	19950913	142	93	198
260	19950914	142	96	193
260	19950915	145	105	194
260	19950916	146	98	201
260	19950917	150	120	205
260	19950918	172	107	232
260	19950919	162	125	213
260	19950920	132	91	173
260	19950921	132	85	176
260	19950922	147	113	182
260	19950923	142	107	172
260	19950924	135	114	178
260	19950925	135	103	179
260	19950926	134	107	161
260	19950927	117	80	156
260	19950928	83	44	118
260	19950929	98	64	141
260	19950930	93	70	148
260	19951001	119	80	177
260	19951002	127	55	179
260	19951003	152	99	199
260	19951004	174	138	217
260	19951005	138	97	183
260	19951006	137	79	188
260	19951007	160	140	178
260	19951008	168	114	236
260	19951009	161	116	229
260	19951010	153	98	229
260	19951011	161	142	198
260	19951012	154	126	202
260	19951013	140	101	184
260	19951014	140	90	191
260	19951015	154	110	200
260	19951016	136	105	174
260	19951017	141	107	165
260	19951018	135	80	167
260	19951019	130	106	152
260	19951020	112	42	153
260	19951021	74	28	133
260	19951022	61	17	121
260	19951023	95	18	155
260	19951024	143	96	194
260	19951025	133	76	167
260	19951026	126	75	158
260	19951027	141	103	176
260	19951028	76	23	144
260	19951029	63	6	124
260	19951030	56	6	127
260	19951031	71	4	136
260	19951101	89	43	117
260	19951102	82	25	122
260	19951103	77	13	109
260	19951104	17	-34	62
260	19951105	-2	-41	57
260	19951106	19	-38	68
260	19951107	64	22	91
260	19951108	99	57	136
260	19951109	109	90	125
260	19951110	83	65	97
260	19951111	116	95	154
260	19951112	109	67	159
260	19951113	69	34	102
260	19951114	100	82	129
260	19951115	93	67	110
260	19951116	94	63	123
260	19951117	30	-3	65
260	19951118	33	-12	69
260	19951119	67	34	89
260	19951120	39	-7	94
260	19951121	21	-2	49
260	19951122	58	13	95
260	19951123	95	81	111
260	19951124	93	71	113
260	19951125	90	68	128
260	19951126	86	54	120
260	19951127	72	48	93
260	19951128	58	14	103
260	19951129	50	30	62
260	19951130	34	14	49
260	19951201	27	3	38
260	19951202	23	4	42
260	19951203	11	-11	33
260	19951204	-5	-22	15
260	19951205	-29	-38	-21
260	19951206	-41	-52	-29
260	19951207	-31	-45	-2
260	19951208	-24	-59	12
260	19951209	-9	-23	8
260	19951210	-20	-37	-11
260	19951211	-2	-46	35
260	19951212	29	13	44
260	19951213	1	-25	22
260	19951214	4	-25	13
260	19951215	-7	-35	6
260	19951216	-17	-38	8
260	19951217	-16	-35	1
260	19951218	3	-16	16
260	19951219	16	-2	25
260	19951220	6	-40	32
260	19951221	-16	-39	1
260	19951222	69	1	115
260	19951223	57	12	104
260	19951224	-9	-56	17
260	19951225	-10	-65	31
260	19951226	-6	-53	25
260	19951227	-59	-98	-6
260	19951228	-79	-115	-21
260	19951229	-66	-125	-8
260	19951230	-55	-87	-31
260	19951231	-19	-32	-11
380	20150101	20	-15	51
380	20150102	51	23	83
380	20150103	24	4	34
380	20150104	24	-2	56
380	20150105	12	-15	40
380	20150106	16	-20	49
380	20150107	30	11	58
380	20150108	61	37	90
380	20150109	94	58	135
380	20150110	98	34	138
380	20150111	44	24	62
380	20150112	75	59	86
380	20150113	84	61	107
380	20150114	40	20	76
380	20150115	82	59	101
380	20150116	55	34	77
380	20150117	21	-7	52
380	20150118	26	-1	54
380	20150119	-2	-24	13
380	20150120	6	-12	34
380	20150121	-3	-25	25
380	20150122	-7	-18	2
380	20150123	-12	-28	0
380	20150124	6	-13	28
380	20150125	12	-20	24
380	20150126	37	17	69
380	20150127	34	11	53
380	20150128	41	14	64
380	20150129	26	3	55
380	20150130	12	-3	36
380	20150131	15	-1	34
380	20150201	16	1	27
380	20150202	11	-1	23
380	20150203	8	-9	29
380	20150204	0	-41	42
380	20150205	-18	-52	0
380	20150206	-15	-34	17
380	20150207	1	-59	44
380	20150208	34	21	49
380	20150209	39	24	53
380	20150210	46	40	54
380	20150211	30	-3	67
380	20150212	29	-19	92
380	20150213	57	-4	115
380	20150214	76	53	113
380	20150215	42	-2	92
380	20150216	22	-16	76
380	20150217	28	-11	57
380	20150218	7	-23	51
380	20150219	27	-8	67
380	20150220	55	28	70
380	20150221	32	8	61
380	20150222	30	4	67
380	20150223	42	21	90
380	20150224	41	16	76
380	20150225	36	5	59
380	20150226	66	32	98
380	20150227	44	-11	79
380	20150228	42	-14	86
380	20150301	79	49	109
380	20150302	50	15	88
380	20150303	39	15	85
380	20150304	41	13	77
380	20150305	45	13	88
380	20150306	46	9	94
380	20150307	77	25	143
380	20150308	106	35	186
380	20150309	81	54	118
380	20150310	81	14	129
380	20150311	36	-18	96
380	20150312	55	-20	124
380	20150313	49	0	89
380	20150314	32	-12	67
380	20150315	47	21	64
380	20150316	56	-2	113
380	20150317	94	6	169
380	20150318	85	29	159
380	20150319	57	47	68
380	20150320	54	27	84
380	20150321	54	31	88
380	20150322	38	-3	71
380	20150323	55	-15	118
380	20150324	67	18	104
380	20150325	51	39	64
380	20150326	52	24	78
380	20150327	63	35	103
380	20150328	82	19	117
380	20150329	99	78	115
380	20150330	76	56	99
380	20150331	90	43	120
380	20150401	62	29	97
380	20150402	55	7	89
380	20150403	57	-5	101
380	20150404	51	17	89
380	20150405	55	0	105
380	20150406	49	0	100
380	20150407	72	0	131
380	20150408	72	24	113
380	20150409	120	37	190
380	20150410	144	42	225
380	20150411	106	43	139
380	20150412	107	30	163
380	20150413	99	66	137
380	20150414	143	56	217
380	20150415	170	86	238
380	20150416	115	61	182
380	20150417	91	50	138
380	20150418	81	11	140
380	20150419	89	18	154
380	20150420	121	27	190
380	20150421	125	42	207
380	20150422	92	28	158
380	20150423	103	25	166
380	20150424	147	53	218
380	20150425	128	103	162
380	20150426	129	108	157
380	20150427	85	48	110
380	20150428	70	7	129
380	20150429	94	24	142
380	20150430	80	41	106
380	20150501	85	29	137
380	20150502	106	38	154
380	20150503	139	99	174
380	20150504	159	122	207
380	20150505	164	111	225
380	20150506	120	88	154
380	20150507	121	82	168
380	20150508	150	97	198
380	20150509	153	122	185
380	20150510	149	97	200
380	20150511	195	108	263
380	20150512	163	85	210
380	20150513	136	73	200
380	20150514	116	53	167
380	20150515	122	73	172
380	20150516	100	52	138
380	20150517	122	50	184
380	20150518	130	66	200
380	20150519	103	73	156
380	20150520	99	48	152
380	20150521	118	35	183
380	20150522	148	86	206
380	20150523	133	86	198
380	20150524	140	68	200
380	20150525	128	94	172
380	20150526	118	81	165
380	20150527	138	67	191
380	20150528	142	97	185
380	20150529	116	82	168
380	20150530	112	81	155
380	20150531	141	85	186
380	20150601	129	95	174
380	20150602	160	113	199
380	20150603	153	100	195
380	20150604	174	86	239
380	20150605	239	127	332
380	20150606	168	110	211
380	20150607	150	73	212
380	20150608	136	88	188
380	20150609	125	77	175
380	20150610	162	77	228
380	20150611	196	117	262
380	20150612	216	146	298
380	20150613	182	132	231
380	20150614	173	88	236
380	20150615	151	115	209
380	20150616	127	81	182
380	20150617	166	62	227
380	20150618	153	100	194
380	20150619	125	101	156
380	20150620	134	102	172
380	20150621	163	122	222
380	20150622	114	87	135
380	20150623	129	93	167
380	20150624	152	114	211
380	20150625	188	122	240
380	20150626	212	142	259
380	20150627	186	128	240
380	20150628	195	97	254
380	20150629	203	163	252
380	20150630	223	127	291
380	20150701	273	172	349
380	20150702	280	204	382
380	20150703	260	189	325
380	20150704	282	209	350
380	20150705	214	169	292
380	20150706	199	133	255
380	20150707	219	142	299
380	20150708	158	124	199
380	20150709	145	84	197
380	20150710	170	69	244
380	20150711	217	135	300
380	20150712	165	135	203
380	20150713	168	150	183
380	20150714	181	163	211
380	20150715	194	149	237
380	20150716	219	165	286
380	20150717	260	197	313
380	20150718	204	165	258
380	20150719	178	144	220
380	20150720	193	144	230
380	20150721	214	184	257
380	20150722	208	170	251
380	20150723	180	129	229
380	20150724	205	138	258
380	20150725	149	97	197
380	20150726	150	91	216
380	20150727	162	135	203
380	20150728	149	120	176
380	20150729	148	113	194
380	20150730	133	94	185
380	20150731	141	70	202
380	20150801	176	93	247
380	20150802	201	96	276
380	20150803	259	181	338
380	20150804	177	121	233
380	20150805	206	105	273
380	20150806	247	158	324
380	20150807	224	173	282
380	20150808	195	158	233
380	20150809	188	143	218
380	20150810	193	154	232
380	20150811	207	142	263
380	20150812	215	182	260
380	20150813	234	169	309
380	20150814	211	169	259
380	20150815	171	149	208
380	20150816	148	122	172
380	20150817	132	121	153
380	20150818	143	115	192
380	20150819	167	105	218
380	20150820	192	108	253
380	20150821	201	126	269
380	20150822	208	132	266
380	20150823	196	157	271
380	20150824	183	141	238
380	20150825	166	135	202
380	20150826	220	165	274
380	20150827	153	128	209
380	20150828	156	109	210
380	20150829	189	101	254
380	20150830	241	165	312
380	20150831	228	172	315
380	20150901	156	111	185
380	20150902	135	99	191
380	20150903	131	100	177
380	20150904	130	97	181
380	20150905	124	98	167
380	20150906	119	86	153
380	20150907	131	108	162
380	20150908	134	110	158
380	20150909	146	103	199
380	20150910	138	87	197
380	20150911	141	71	200
380	20150912	165	132	215
380	20150913	166	117	206
380	20150914	151	99	199
380	20150915	134	101	176
380	20150916	159	120	190
380	20150917	145	115	173
380	20150918	144	107	188
380	20150919	134	113	166
380	20150920	125	81	172
380	20150921	132	78	178
380	20150922	118	85	165
380	20150923	114	88	132
380	20150924	133	99	181
380	20150925	125	77	176
380	20150926	109	65	166
380	20150927	105	52	170
380	20150928	107	49	170
380	20150929	115	65	174
380	20150930	113	62	172
380	20151001	97	42	157
380	20151002	102	34	176
380	20151003	119	51	193
380	20151004	130	94	177
380	20151005	137	82	167
380	20151006	163	136	191
380	20151007	138	116	154
380	20151008	118	107	133
380	20151009	114	67	152
380	20151010	103	56	124
380	20151011	72	34	125
380	20151012	55	4	116
380	20151013	35	9	49
380	20151014	33	23	40
380	20151015	36	16	51
380	20151016	59	42	75
380	20151017	69	54	87
380	20151018	77	60	106
380	20151019	90	77	102
380	20151020	93	82	114
380	20151021	95	62	119
380	20151022	112	92	136
380	20151023	110	62	137
380	20151024	114	93	139
380	20151025	105	67	127
380	20151026	107	61	159
380	20151027	126	59	206
380	20151028	110	79	149
380	20151029	115	72	156
380	20151030	99	50	144
380	20151031	85	28	153
380	20151101	91	28	173
380	20151102	79	16	150
380	20151103	110	21	209
380	20151104	137	108	175
380	20151105	143	108	175
380	20151106	155	138	171
380	20151107	171	140	188
380	20151108	149	97	184
380	20151109	142	122	173
380	20151110	127	121	137
380	20151111	116	106	125
380	20151112	128	108	153
380	20151113	112	68	134
380	20151114	85	63	101
380	20151115	131	101	151
380	20151116	117	109	126
380	20151117	140	118	156
380	20151118	129	112	142
380	20151119	105	74	130
380	20151120	74	47	96
380	20151121	32	17	50
380	20151122	20	1	49
380	20151123	16	-10	55
380	20151124	21	6	33
380	20151125	52	33	75
380	20151126	35	5	81
380	20151127	35	1	72
380	20151128	57	34	73
380	20151129	94	62	110
380	20151130	96	76	113
380	20151201	106	86	122
380	20151202	97	74	115
380	20151203	85	68	115
380	20151204	79	53	99
380	20151205	65	49	79
380	20151206	94	53	118
380	20151207	112	96	140
380	20151208	106	83	132
380	20151209	66	46	96
380	20151210	44	28	74
380	20151211	62	36	88
380	20151212	82	58	100
380	20151213	76	61	99
380	20151214	71	41	98
380	20151215	87	59	112
380	20151216	113	93	127
380	20151217	139	117	163
380	20151218	117	105	139
380	20151219	123	104	149
380	20151220	119	103	128
380	20151221	104	90	115
380	20151222	117	103	131
380	20151223	99	71	122
380	20151224	108	68	143
380	20151225	99	72	129
380	20151226	117	94	141
380	20151227	102	75	135
380	20151228	90	38	133
380	20151229	81	50	104
380	20151230	71	41	101
380	20151231	78	57	102
380	19950101	9	-10	27
380	19950102	12	0	28
380	19950103	2	-30	17
380	19950104	-35	-70	-2
380	19950105	-48	-78	-20
380	19950106	-28	-52	-5
380	19950107	-24	-63	0
380	19950108	-10	-60	15
380	19950109	33	10	67
380	19950110	52	34	77
380	19950111	21	6	76
380	19950112	20	-5	44
380	19950113	14	-19	34
380	19950114	44	28	56
380	19950115	59	51	68
380	19950116	33	-10	67
380	19950117	57	22	90
380	19950118	66	33	92
380	19950119	58	27	81
380	19950120	76	48	95
380	19950121	57	41	76
380	19950122	94	69	125
380	19950123	63	46	87
380	19950124	53	34	70
380	19950125	66	32	118
380	19950126	79	14	121
380	19950127	23	2	51
380	19950128	80	51	98
380	19950129	83	65	97
380	19950130	36	-15	79
380	19950131	30	-18	68
380	19950201	99	68	123
380	19950202	53	10	75
380	19950203	41	1	71
380	19950204	70	53	82
380	19950205	80	57	100
380	19950206	93	84	105
380	19950207	76	67	85
380	19950208	65	19	107
380	19950209	19	-11	43
380	19950210	34	-16	74
380	19950211	91	73	109
380	19950212	87	51	113
380	19950213	93	59	120
380	19950214	80	59	104
380	19950215	99	72	134
380	19950216	77	57	97
380	19950217	61	33	89
380	19950218	48	25	71
380	19950219	75	49	105
380	19950220	99	86	113
380	19950221	68	26	104
380	19950222	43	11	81
380	19950223	39	17	62
380	19950224	39	27	48
380	19950225	45	26	68
380	19950226	30	9	64
380	19950227	36	-13	72
380	19950228	88	57	108
380	19950301	83	37	114
380	19950302	35	6	56
380	19950303	41	3	73
380	19950304	13	-30	67
380	19950305	20	9	39
380	19950306	35	3	66
380	19950307	39	5	71
380	19950308	50	11	95
380	19950309	44	3	93
380	19950310	59	-4	124
380	19950311	84	24	159
380	19950312	92	29	154
380	19950313	70	20	124
380	19950314	39	-3	68
380	19950315	41	15	70
380	19950316	43	5	72
380	19950317	82	61	133
380	19950318	72	54	97
380	19950319	56	13	81
380	19950320	38	8	71
380	19950321	46	13	76
380	19950322	39	-20	91
380	19950323	70	-6	144
380	19950324	96	49	151
380	19950325	74	40	99
380	19950326	86	67	102
380	19950327	40	-6	83
380	19950328	9	-10	41
380	19950329	25	-2	69
380	19950330	36	-14	84
380	19950331	51	23	87
380	19950401	107	86	121
380	19950402	124	79	172
380	19950403	113	92	143
380	19950404	98	50	138
380	19950405	90	20	147
380	19950406	98	80	119
380	19950407	102	47	147
380	19950408	60	32	103
380	19950409	57	31	85
380	19950410	68	46	86
380	19950411	86	53	136
380	19950412	100	61	150
380	19950413	90	59	126
380	19950414	82	49	124
380	19950415	69	27	109
380	19950416	66	45	100
380	19950417	76	61	95
380	19950418	81	47	125
380	19950419	47	22	83
380	19950420	44	3	99
380	19950421	71	-5	114
380	19950422	106	65	154
380	19950423	118	39	167
380	19950424	126	92	205
380	19950425	137	93	223
380	19950426	140	105	193
380	19950427	87	62	110
380	19950428	73	51	107
380	19950429	110	28	173
380	19950430	113	103	126
380	19950501	136	96	185
380	19950502	147	92	201
380	19950503	156	80	217
380	19950504	175	89	238
380	19950505	193	97	265
380	19950506	179	103	238
380	19950507	177	98	245
380	19950508	140	96	181
380	19950509	99	61	133
380	19950510	88	41	131
380	19950511	94	60	129
380	19950512	101	61	153
380	19950513	83	47	130
380	19950514	73	26	118
380	19950515	98	24	149
380	19950516	121	65	167
380	19950517	109	74	154
380	19950518	73	54	86
380	19950519	82	18	145
380	19950520	103	33	158
380	19950521	96	59	137
380	19950522	127	41	192
380	19950523	178	101	243
380	19950524	187	127	250
380	19950525	174	139	228
380	19950526	167	128	208
380	19950527	173	123	234
380	19950528	190	134	258
380	19950529	161	118	213
380	19950530	148	104	198
380	19950531	154	117	188
380	19950601	143	103	189
380	19950602	131	85	185
380	19950603	134	77	182
380	19950604	132	114	177
380	19950605	133	101	174
380	19950606	130	98	166
380	19950607	118	59	153
380	19950608	105	53	157
380	19950609	90	65	110
380	19950610	101	79	131
380	19950611	111	79	137
380	19950612	114	96	148
380	19950613	123	97	167
380	19950614	116	92	145
380	19950615	103	92	118
380	19950616	118	91	147
380	19950617	129	106	148
380	19950618	158	126	196
380	19950619	178	125	221
380	19950620	211	136	265
380	19950621	183	112	235
380	19950622	134	100	176
380	19950623	143	100	185
380	19950624	148	102	197
380	19950625	195	139	255
380	19950626	207	140	267
380	19950627	225	159	280
380	19950628	230	171	286
380	19950629	220	150	281
380	19950630	228	142	302
380	19950701	204	158	249
380	19950702	180	155	208
380	19950703	174	135	214
380	19950704	156	113	200
380	19950705	171	121	216
380	19950706	189	123	247
380	19950707	208	135	270
380	19950708	234	157	303
380	19950709	257	177	323
380	19950710	271	192	336
380	19950711	240	180	333
380	19950712	215	178	259
380	19950713	236	168	292
380	19950714	230	190	265
380	19950715	205	171	256
380	19950716	175	145	230
380	19950717	180	144	226
380	19950718	194	166	229
380	19950719	210	183	255
380	19950720	256	177	324
380	19950721	274	196	351
380	19950722	177	116	215
380	19950723	164	86	225
380	19950724	198	106	262
380	19950725	217	132	285
380	19950726	244	166	333
380	19950727	207	173	255
380	19950728	194	169	230
380	19950729	218	148	277
380	19950730	244	173	307
380	19950731	258	178	322
380	19950801	265	181	330
380	19950802	246	175	311
380	19950803	237	158	302
380	19950804	210	164	266
380	19950805	224	138	300
380	19950806	243	173	318
380	19950807	184	165	215
380	19950808	186	149	241
380	19950809	198	117	269
380	19950810	218	116	293
380	19950811	248	158	324
380	19950812	259	204	316
380	19950813	199	158	243
380	19950814	179	145	226
380	19950815	186	105	250
380	19950816	195	136	255
380	19950817	215	152	283
380	19950818	230	149	297
380	19950819	244	166	312
380	19950820	235	183	280
380	19950821	207	156	263
380	19950822	239	151	305
380	19950823	215	180	276
380	19950824	198	150	261
380	19950825	187	149	242
380	19950826	174	150	223
380	19950827	151	104	189
380	19950828	140	95	198
380	19950829	125	111	154
380	19950830	136	104	183
380	19950831	143	98	196
380	19950901	152	98	214
380	19950902	147	119	201
380	19950903	130	97	178
380	19950904	133	83	173
380	19950905	146	118	188
380	19950906	155	112	212
380	19950907	166	138	202
380	19950908	161	147	176
380	19950909	158	137	192
380	19950910	173	137	220
380	19950911	162	116	200
380	19950912	157	111	201
380	19950913	145	119	195
380	19950914	139	96	192
380	19950915	126	99	158
380	19950916	142	115	187
380	19950917	152	120	199
380	19950918	161	123	202
380	19950919	163	119	217
380	19950920	129	89	169
380	19950921	119	51	176
380	19950922	146	121	192
380	19950923	138	99	173
380	19950924	134	110	192
380	19950925	130	101	178
380	19950926	129	109	145
380	19950927	120	84	151
380	19950928	85	34	136
380	19950929	92	45	147
380	19950930	103	74	144
380	19951001	128	98	169
380	19951002	135	100	177
380	19951003	165	123	201
380	19951004	176	150	202
380	19951005	139	98	165
380	19951006	133	79	183
380	19951007	163	130	207
380	19951008	174	128	233
380	19951009	183	115	266
380	19951010	178	128	239
380	19951011	147	139	153
380	19951012	162	123	193
380	19951013	150	112	195
380	19951014	152	88	212
380	19951015	166	122	209
380	19951016	148	109	194
380	19951017	137	79	182
380	19951018	150	119	173
380	19951019	119	96	137
380	19951020	110	80	136
380	19951021	72	32	120
380	19951022	63	17	116
380	19951023	122	48	191
380	19951024	156	118	204
380	19951025	141	83	175
380	19951026	140	78	182
380	19951027	158	118	180
380	19951028	119	100	137
380	19951029	102	66	127
380	19951030	74	24	101
380	19951031	67	39	89
380	19951101	73	45	96
380	19951102	68	30	94
380	19951103	69	23	100
380	19951104	12	-21	47
380	19951105	-7	-47	39
380	19951106	-3	-45	46
380	19951107	41	-12	68
380	19951108	85	68	103
380	19951109	91	54	114
380	19951110	88	42	130
380	19951111	123	85	171
380	19951112	111	64	166
380	19951113	78	29	107
380	19951114	100	85	117
380	19951115	95	84	101
380	19951116	106	74	140
380	19951117	37	14	74
380	19951118	19	-18	48
380	19951119	46	20	65
380	19951120	35	1	85
380	19951121	14	-17	64
380	19951122	68	24	92
380	19951123	87	71	102
380	19951124	88	65	105
380	19951125	90	65	130
380	19951126	101	49	137
380	19951127	74	62	88
380	19951128	63	21	109
380	19951129	39	-5	91
380	19951130	32	4	49
380	19951201	10	-13	40
380	19951202	50	-10	74
380	19951203	39	16	53
380	19951204	4	-11	22
380	19951205	-39	-49	-11
380	19951206	-30	-36	-27
380	19951207	-22	-49	1
380	19951208	-11	-61	16
380	19951209	15	3	27
380	19951210	-3	-11	5
380	19951211	-1	-17	17
380	19951212	21	11	38
380	19951213	-1	-24	19
380	19951214	1	-24	14
380	19951215	-7	-21	6
380	19951216	-11	-30	11
380	19951217	0	-46	36
380	19951218	43	22	52
380	19951219	40	21	50
380	19951220	10	-23	38
380	19951221	1	-25	60
380	19951222	96	60	109
380	19951223	79	15	112
380	19951224	7	-16	18
380	19951225	-7	-43	16
380	19951226	-3	-39	9
380	19951227	-47	-67	-13
380	19951228	-65	-96	-38
380	19951229	-58	-84	-31
380	19951230	-47	-75	-15
380	19951231	7	-15	25